Sexo;Edad;Nivel de formación alcanzado;Periodo;Total
Ambos sexos;Total;Total;2023;12,11
Ambos sexos;Total;Total;2022;12,92
Ambos sexos;Total;Total;2021;14,78
Ambos sexos;Total;Analfabetos;2023;36,68
Ambos sexos;Total;Analfabetos;2022;33,39
Ambos sexos;Total;Analfabetos;2021;33,82
Ambos sexos;Total;Estudios primarios incompletos;2023;22,12
Ambos sexos;Total;Estudios primarios incompletos;2022;24,64
Ambos sexos;Total;Estudios primarios incompletos;2021;28,91
Ambos sexos;Total;Educación primaria;2023;25,52
Ambos sexos;Total;Educación primaria;2022;26,58
Ambos sexos;Total;Educación primaria;2021;26,81
Ambos sexos;Total;Primera etapa de educación secundaria y similar;2023;16,36
Ambos sexos;Total;Primera etapa de educación secundaria y similar;2022;17,83
Ambos sexos;Total;Primera etapa de educación secundaria y similar;2021;20,07
Ambos sexos;Total;Segunda etapa de educación secundaria, con orientación general;2023;13,18
Ambos sexos;Total;Segunda etapa de educación secundaria, con orientación general;2022;14,23
Ambos sexos;Total;Segunda etapa de educación secundaria, con orientación general;2021;16,05
Ambos sexos;Total;Segunda etapa de educación secundaria con orientación profesional (incluye educación postsecundaria no superior);2023;13,28
Ambos sexos;Total;Segunda etapa de educación secundaria con orientación profesional (incluye educación postsecundaria no superior);2022;13,84
Ambos sexos;Total;Segunda etapa de educación secundaria con orientación profesional (incluye educación postsecundaria no superior);2021;16,08
Ambos sexos;Total;Educación superior;2023;7,34
Ambos sexos;Total;Educación superior;2022;7,62
Ambos sexos;Total;Educación superior;2021;9,21
Ambos sexos;De 16 a 19 años;Total;2023;42,87
Ambos sexos;De 16 a 19 años;Total;2022;45,88
Ambos sexos;De 16 a 19 años;Total;2021;50,83
Ambos sexos;De 16 a 19 años;Analfabetos;2023;..
Ambos sexos;De 16 a 19 años;Analfabetos;2022;0
Ambos sexos;De 16 a 19 años;Analfabetos;2021;0
Ambos sexos;De 16 a 19 años;Estudios primarios incompletos;2023;32,08
Ambos sexos;De 16 a 19 años;Estudios primarios incompletos;2022;39,22
Ambos sexos;De 16 a 19 años;Estudios primarios incompletos;2021;75,38
Ambos sexos;De 16 a 19 años;Educación primaria;2023;68,43
Ambos sexos;De 16 a 19 años;Educación primaria;2022;65,42
Ambos sexos;De 16 a 19 años;Educación primaria;2021;61,61
Ambos sexos;De 16 a 19 años;Primera etapa de educación secundaria y similar;2023;45,65
Ambos sexos;De 16 a 19 años;Primera etapa de educación secundaria y similar;2022;53,7
Ambos sexos;De 16 a 19 años;Primera etapa de educación secundaria y similar;2021;57,73
Ambos sexos;De 16 a 19 años;Segunda etapa de educación secundaria, con orientación general;2023;36,37
Ambos sexos;De 16 a 19 años;Segunda etapa de educación secundaria, con orientación general;2022;33,29
Ambos sexos;De 16 a 19 años;Segunda etapa de educación secundaria, con orientación general;2021;42,65
Ambos sexos;De 16 a 19 años;Segunda etapa de educación secundaria con orientación profesional (incluye educación postsecundaria no superior);2023;38,32
Ambos sexos;De 16 a 19 años;Segunda etapa de educación secundaria con orientación profesional (incluye educación postsecundaria no superior);2022;34,42
Ambos sexos;De 16 a 19 años;Segunda etapa de educación secundaria con orientación profesional (incluye educación postsecundaria no superior);2021;42,02
Ambos sexos;De 16 a 19 años;Educación superior;2023;16,39
Ambos sexos;De 16 a 19 años;Educación superior;2022;32,65
Ambos sexos;De 16 a 19 años;Educación superior;2021;22,04
Ambos sexos;De 20 a 24 años;Total;2023;25,5
Ambos sexos;De 20 a 24 años;Total;2022;26,25
Ambos sexos;De 20 a 24 años;Total;2021;31,55
Ambos sexos;De 20 a 24 años;Analfabetos;2023;..
Ambos sexos;De 20 a 24 años;Analfabetos;2022;94,23
Ambos sexos;De 20 a 24 años;Analfabetos;2021;12,17
Ambos sexos;De 20 a 24 años;Estudios primarios incompletos;2023;55,33
Ambos sexos;De 20 a 24 años;Estudios primarios incompletos;2022;5,97
Ambos sexos;De 20 a 24 años;Estudios primarios incompletos;2021;12,9
Ambos sexos;De 20 a 24 años;Educación primaria;2023;48,76
Ambos sexos;De 20 a 24 años;Educación primaria;2022;46,7
Ambos sexos;De 20 a 24 años;Educación primaria;2021;49,96
Ambos sexos;De 20 a 24 años;Primera etapa de educación secundaria y similar;2023;33,65
Ambos sexos;De 20 a 24 años;Primera etapa de educación secundaria y similar;2022;36,08
Ambos sexos;De 20 a 24 años;Primera etapa de educación secundaria y similar;2021;41,01
Ambos sexos;De 20 a 24 años;Segunda etapa de educación secundaria, con orientación general;2023;21,81
Ambos sexos;De 20 a 24 años;Segunda etapa de educación secundaria, con orientación general;2022;24,54
Ambos sexos;De 20 a 24 años;Segunda etapa de educación secundaria, con orientación general;2021;28,81
Ambos sexos;De 20 a 24 años;Segunda etapa de educación secundaria con orientación profesional (incluye educación postsecundaria no superior);2023;26,57
Ambos sexos;De 20 a 24 años;Segunda etapa de educación secundaria con orientación profesional (incluye educación postsecundaria no superior);2022;25,96
Ambos sexos;De 20 a 24 años;Segunda etapa de educación secundaria con orientación profesional (incluye educación postsecundaria no superior);2021;34,34
Ambos sexos;De 20 a 24 años;Educación superior;2023;20,05
Ambos sexos;De 20 a 24 años;Educación superior;2022;19,24
Ambos sexos;De 20 a 24 años;Educación superior;2021;24,53
Ambos sexos;De 25 a 29 años;Total;2023;15,58
Ambos sexos;De 25 a 29 años;Total;2022;16,65
Ambos sexos;De 25 a 29 años;Total;2021;21,35
Ambos sexos;De 25 a 29 años;Analfabetos;2023;71,08
Ambos sexos;De 25 a 29 años;Analfabetos;2022;34,9
Ambos sexos;De 25 a 29 años;Analfabetos;2021;5,91
Ambos sexos;De 25 a 29 años;Estudios primarios incompletos;2023;9,88
Ambos sexos;De 25 a 29 años;Estudios primarios incompletos;2022;23,88
Ambos sexos;De 25 a 29 años;Estudios primarios incompletos;2021;25,25
Ambos sexos;De 25 a 29 años;Educación primaria;2023;34,29
Ambos sexos;De 25 a 29 años;Educación primaria;2022;31,31
Ambos sexos;De 25 a 29 años;Educación primaria;2021;40,85
Ambos sexos;De 25 a 29 años;Primera etapa de educación secundaria y similar;2023;23,39
Ambos sexos;De 25 a 29 años;Primera etapa de educación secundaria y similar;2022;23,79
Ambos sexos;De 25 a 29 años;Primera etapa de educación secundaria y similar;2021;31,44
Ambos sexos;De 25 a 29 años;Segunda etapa de educación secundaria, con orientación general;2023;20,8
Ambos sexos;De 25 a 29 años;Segunda etapa de educación secundaria, con orientación general;2022;17,06
Ambos sexos;De 25 a 29 años;Segunda etapa de educación secundaria, con orientación general;2021;22,9
Ambos sexos;De 25 a 29 años;Segunda etapa de educación secundaria con orientación profesional (incluye educación postsecundaria no superior);2023;16,94
Ambos sexos;De 25 a 29 años;Segunda etapa de educación secundaria con orientación profesional (incluye educación postsecundaria no superior);2022;19,09
Ambos sexos;De 25 a 29 años;Segunda etapa de educación secundaria con orientación profesional (incluye educación postsecundaria no superior);2021;22,57
Ambos sexos;De 25 a 29 años;Educación superior;2023;10,73
Ambos sexos;De 25 a 29 años;Educación superior;2022;12,5
Ambos sexos;De 25 a 29 años;Educación superior;2021;15,7
Ambos sexos;De 30 a 44 años;Total;2023;10,49
Ambos sexos;De 30 a 44 años;Total;2022;11,22
Ambos sexos;De 30 a 44 años;Total;2021;12,81
Ambos sexos;De 30 a 44 años;Analfabetos;2023;35,95
Ambos sexos;De 30 a 44 años;Analfabetos;2022;28,3
Ambos sexos;De 30 a 44 años;Analfabetos;2021;39,45
Ambos sexos;De 30 a 44 años;Estudios primarios incompletos;2023;20,53
Ambos sexos;De 30 a 44 años;Estudios primarios incompletos;2022;24,07
Ambos sexos;De 30 a 44 años;Estudios primarios incompletos;2021;27,83
Ambos sexos;De 30 a 44 años;Educación primaria;2023;24,56
Ambos sexos;De 30 a 44 años;Educación primaria;2022;24,83
Ambos sexos;De 30 a 44 años;Educación primaria;2021;24,45
Ambos sexos;De 30 a 44 años;Primera etapa de educación secundaria y similar;2023;14,69
Ambos sexos;De 30 a 44 años;Primera etapa de educación secundaria y similar;2022;16,34
Ambos sexos;De 30 a 44 años;Primera etapa de educación secundaria y similar;2021;18,62
Ambos sexos;De 30 a 44 años;Segunda etapa de educación secundaria, con orientación general;2023;11,41
Ambos sexos;De 30 a 44 años;Segunda etapa de educación secundaria, con orientación general;2022;13,21
Ambos sexos;De 30 a 44 años;Segunda etapa de educación secundaria, con orientación general;2021;13,98
Ambos sexos;De 30 a 44 años;Segunda etapa de educación secundaria con orientación profesional (incluye educación postsecundaria no superior);2023;10,97
Ambos sexos;De 30 a 44 años;Segunda etapa de educación secundaria con orientación profesional (incluye educación postsecundaria no superior);2022;11,46
Ambos sexos;De 30 a 44 años;Segunda etapa de educación secundaria con orientación profesional (incluye educación postsecundaria no superior);2021;12,89
Ambos sexos;De 30 a 44 años;Educación superior;2023;6,69
Ambos sexos;De 30 a 44 años;Educación superior;2022;6,76
Ambos sexos;De 30 a 44 años;Educación superior;2021;8,35
Ambos sexos;De 45 a 54 años;Total;2023;9,62
Ambos sexos;De 45 a 54 años;Total;2022;10,84
Ambos sexos;De 45 a 54 años;Total;2021;11,84
Ambos sexos;De 45 a 54 años;Analfabetos;2023;27,6
Ambos sexos;De 45 a 54 años;Analfabetos;2022;31,13
Ambos sexos;De 45 a 54 años;Analfabetos;2021;32,15
Ambos sexos;De 45 a 54 años;Estudios primarios incompletos;2023;20,1
Ambos sexos;De 45 a 54 años;Estudios primarios incompletos;2022;26,61
Ambos sexos;De 45 a 54 años;Estudios primarios incompletos;2021;28,42
Ambos sexos;De 45 a 54 años;Educación primaria;2023;22,58
Ambos sexos;De 45 a 54 años;Educación primaria;2022;27,49
Ambos sexos;De 45 a 54 años;Educación primaria;2021;24,18
Ambos sexos;De 45 a 54 años;Primera etapa de educación secundaria y similar;2023;13,6
Ambos sexos;De 45 a 54 años;Primera etapa de educación secundaria y similar;2022;15,31
Ambos sexos;De 45 a 54 años;Primera etapa de educación secundaria y similar;2021;16,4
Ambos sexos;De 45 a 54 años;Segunda etapa de educación secundaria, con orientación general;2023;9,42
Ambos sexos;De 45 a 54 años;Segunda etapa de educación secundaria, con orientación general;2022;11,62
Ambos sexos;De 45 a 54 años;Segunda etapa de educación secundaria, con orientación general;2021;12,24
Ambos sexos;De 45 a 54 años;Segunda etapa de educación secundaria con orientación profesional (incluye educación postsecundaria no superior);2023;10,68
Ambos sexos;De 45 a 54 años;Segunda etapa de educación secundaria con orientación profesional (incluye educación postsecundaria no superior);2022;11,26
Ambos sexos;De 45 a 54 años;Segunda etapa de educación secundaria con orientación profesional (incluye educación postsecundaria no superior);2021;12,42
Ambos sexos;De 45 a 54 años;Educación superior;2023;5,48
Ambos sexos;De 45 a 54 años;Educación superior;2022;5,86
Ambos sexos;De 45 a 54 años;Educación superior;2021;6,91
Ambos sexos;55 y más años;Total;2023;11,08
Ambos sexos;55 y más años;Total;2022;11,39
Ambos sexos;55 y más años;Total;2021;12,92
Ambos sexos;55 y más años;Analfabetos;2023;49,29
Ambos sexos;55 y más años;Analfabetos;2022;39,48
Ambos sexos;55 y más años;Analfabetos;2021;33,96
Ambos sexos;55 y más años;Estudios primarios incompletos;2023;25,23
Ambos sexos;55 y más años;Estudios primarios incompletos;2022;24,42
Ambos sexos;55 y más años;Estudios primarios incompletos;2021;31,23
Ambos sexos;55 y más años;Educación primaria;2023;20,33
Ambos sexos;55 y más años;Educación primaria;2022;20,34
Ambos sexos;55 y más años;Educación primaria;2021;22,87
Ambos sexos;55 y más años;Primera etapa de educación secundaria y similar;2023;14,03
Ambos sexos;55 y más años;Primera etapa de educación secundaria y similar;2022;14,38
Ambos sexos;55 y más años;Primera etapa de educación secundaria y similar;2021;16,15
Ambos sexos;55 y más años;Segunda etapa de educación secundaria, con orientación general;2023;10,64
Ambos sexos;55 y más años;Segunda etapa de educación secundaria, con orientación general;2022;11,33
Ambos sexos;55 y más años;Segunda etapa de educación secundaria, con orientación general;2021;13,15
Ambos sexos;55 y más años;Segunda etapa de educación secundaria con orientación profesional (incluye educación postsecundaria no superior);2023;11,35
Ambos sexos;55 y más años;Segunda etapa de educación secundaria con orientación profesional (incluye educación postsecundaria no superior);2022;11,99
Ambos sexos;55 y más años;Segunda etapa de educación secundaria con orientación profesional (incluye educación postsecundaria no superior);2021;13,93
Ambos sexos;55 y más años;Educación superior;2023;6,11
Ambos sexos;55 y más años;Educación superior;2022;6,14
Ambos sexos;55 y más años;Educación superior;2021;6,77
Hombres;Total;Total;2023;10,58
Hombres;Total;Total;2022;11,27
Hombres;Total;Total;2021;13,05
Hombres;Total;Analfabetos;2023;31,12
Hombres;Total;Analfabetos;2022;26,29
Hombres;Total;Analfabetos;2021;20,99
Hombres;Total;Estudios primarios incompletos;2023;18,22
Hombres;Total;Estudios primarios incompletos;2022;21,45
Hombres;Total;Estudios primarios incompletos;2021;25,97
Hombres;Total;Educación primaria;2023;23,77
Hombres;Total;Educación primaria;2022;24,12
Hombres;Total;Educación primaria;2021;24,48
Hombres;Total;Primera etapa de educación secundaria y similar;2023;13,41
Hombres;Total;Primera etapa de educación secundaria y similar;2022;14,74
Hombres;Total;Primera etapa de educación secundaria y similar;2021;16,66
Hombres;Total;Segunda etapa de educación secundaria, con orientación general;2023;10,97
Hombres;Total;Segunda etapa de educación secundaria, con orientación general;2022;11,69
Hombres;Total;Segunda etapa de educación secundaria, con orientación general;2021;13,2
Hombres;Total;Segunda etapa de educación secundaria con orientación profesional (incluye educación postsecundaria no superior);2023;11,39
Hombres;Total;Segunda etapa de educación secundaria con orientación profesional (incluye educación postsecundaria no superior);2022;11,44
Hombres;Total;Segunda etapa de educación secundaria con orientación profesional (incluye educación postsecundaria no superior);2021;14,09
Hombres;Total;Educación superior;2023;6,05
Hombres;Total;Educación superior;2022;6,29
Hombres;Total;Educación superior;2021;7,95
Hombres;De 16 a 19 años;Total;2023;42,83
Hombres;De 16 a 19 años;Total;2022;45,84
Hombres;De 16 a 19 años;Total;2021;49,96
Hombres;De 16 a 19 años;Analfabetos;2023;..
Hombres;De 16 a 19 años;Analfabetos;2022;0
Hombres;De 16 a 19 años;Analfabetos;2021;0
Hombres;De 16 a 19 años;Estudios primarios incompletos;2023;100
Hombres;De 16 a 19 años;Estudios primarios incompletos;2022;49,7
Hombres;De 16 a 19 años;Estudios primarios incompletos;2021;55,12
Hombres;De 16 a 19 años;Educación primaria;2023;64,59
Hombres;De 16 a 19 años;Educación primaria;2022;57,18
Hombres;De 16 a 19 años;Educación primaria;2021;55,74
Hombres;De 16 a 19 años;Primera etapa de educación secundaria y similar;2023;46,84
Hombres;De 16 a 19 años;Primera etapa de educación secundaria y similar;2022;52,06
Hombres;De 16 a 19 años;Primera etapa de educación secundaria y similar;2021;55,61
Hombres;De 16 a 19 años;Segunda etapa de educación secundaria, con orientación general;2023;32,63
Hombres;De 16 a 19 años;Segunda etapa de educación secundaria, con orientación general;2022;34,14
Hombres;De 16 a 19 años;Segunda etapa de educación secundaria, con orientación general;2021;42,28
Hombres;De 16 a 19 años;Segunda etapa de educación secundaria con orientación profesional (incluye educación postsecundaria no superior);2023;36,58
Hombres;De 16 a 19 años;Segunda etapa de educación secundaria con orientación profesional (incluye educación postsecundaria no superior);2022;32,89
Hombres;De 16 a 19 años;Segunda etapa de educación secundaria con orientación profesional (incluye educación postsecundaria no superior);2021;41,93
Hombres;De 16 a 19 años;Educación superior;2023;20,01
Hombres;De 16 a 19 años;Educación superior;2022;39,24
Hombres;De 16 a 19 años;Educación superior;2021;17,19
Hombres;De 20 a 24 años;Total;2023;25,48
Hombres;De 20 a 24 años;Total;2022;25,11
Hombres;De 20 a 24 años;Total;2021;30,8
Hombres;De 20 a 24 años;Analfabetos;2023;..
Hombres;De 20 a 24 años;Analfabetos;2022;94,23
Hombres;De 20 a 24 años;Analfabetos;2021;0
Hombres;De 20 a 24 años;Estudios primarios incompletos;2023;70,64
Hombres;De 20 a 24 años;Estudios primarios incompletos;2022;2,23
Hombres;De 20 a 24 años;Estudios primarios incompletos;2021;6,61
Hombres;De 20 a 24 años;Educación primaria;2023;48,96
Hombres;De 20 a 24 años;Educación primaria;2022;46,47
Hombres;De 20 a 24 años;Educación primaria;2021;45,7
Hombres;De 20 a 24 años;Primera etapa de educación secundaria y similar;2023;31,69
Hombres;De 20 a 24 años;Primera etapa de educación secundaria y similar;2022;32,58
Hombres;De 20 a 24 años;Primera etapa de educación secundaria y similar;2021;36,42
Hombres;De 20 a 24 años;Segunda etapa de educación secundaria, con orientación general;2023;20,14
Hombres;De 20 a 24 años;Segunda etapa de educación secundaria, con orientación general;2022;23,92
Hombres;De 20 a 24 años;Segunda etapa de educación secundaria, con orientación general;2021;27,32
Hombres;De 20 a 24 años;Segunda etapa de educación secundaria con orientación profesional (incluye educación postsecundaria no superior);2023;24,91
Hombres;De 20 a 24 años;Segunda etapa de educación secundaria con orientación profesional (incluye educación postsecundaria no superior);2022;23,19
Hombres;De 20 a 24 años;Segunda etapa de educación secundaria con orientación profesional (incluye educación postsecundaria no superior);2021;31,87
Hombres;De 20 a 24 años;Educación superior;2023;20,66
Hombres;De 20 a 24 años;Educación superior;2022;17,41
Hombres;De 20 a 24 años;Educación superior;2021;26,04
Hombres;De 25 a 29 años;Total;2023;14,99
Hombres;De 25 a 29 años;Total;2022;15,96
Hombres;De 25 a 29 años;Total;2021;21,22
Hombres;De 25 a 29 años;Analfabetos;2023;100
Hombres;De 25 a 29 años;Analfabetos;2022;34,9
Hombres;De 25 a 29 años;Analfabetos;2021;5,91
Hombres;De 25 a 29 años;Estudios primarios incompletos;2023;8,04
Hombres;De 25 a 29 años;Estudios primarios incompletos;2022;28,73
Hombres;De 25 a 29 años;Estudios primarios incompletos;2021;20,38
Hombres;De 25 a 29 años;Educación primaria;2023;30,66
Hombres;De 25 a 29 años;Educación primaria;2022;27,98
Hombres;De 25 a 29 años;Educación primaria;2021;36,94
Hombres;De 25 a 29 años;Primera etapa de educación secundaria y similar;2023;20,12
Hombres;De 25 a 29 años;Primera etapa de educación secundaria y similar;2022;19,8
Hombres;De 25 a 29 años;Primera etapa de educación secundaria y similar;2021;28,71
Hombres;De 25 a 29 años;Segunda etapa de educación secundaria, con orientación general;2023;19,51
Hombres;De 25 a 29 años;Segunda etapa de educación secundaria, con orientación general;2022;17,97
Hombres;De 25 a 29 años;Segunda etapa de educación secundaria, con orientación general;2021;19,08
Hombres;De 25 a 29 años;Segunda etapa de educación secundaria con orientación profesional (incluye educación postsecundaria no superior);2023;17,4
Hombres;De 25 a 29 años;Segunda etapa de educación secundaria con orientación profesional (incluye educación postsecundaria no superior);2022;17,67
Hombres;De 25 a 29 años;Segunda etapa de educación secundaria con orientación profesional (incluye educación postsecundaria no superior);2021;24,24
Hombres;De 25 a 29 años;Educación superior;2023;9,83
Hombres;De 25 a 29 años;Educación superior;2022;11,66
Hombres;De 25 a 29 años;Educación superior;2021;15,62
Hombres;De 30 a 44 años;Total;2023;8,73
Hombres;De 30 a 44 años;Total;2022;9,44
Hombres;De 30 a 44 años;Total;2021;11,06
Hombres;De 30 a 44 años;Analfabetos;2023;32,41
Hombres;De 30 a 44 años;Analfabetos;2022;21,19
Hombres;De 30 a 44 años;Analfabetos;2021;27,41
Hombres;De 30 a 44 años;Estudios primarios incompletos;2023;17,17
Hombres;De 30 a 44 años;Estudios primarios incompletos;2022;19,52
Hombres;De 30 a 44 años;Estudios primarios incompletos;2021;24,08
Hombres;De 30 a 44 años;Educación primaria;2023;21,85
Hombres;De 30 a 44 años;Educación primaria;2022;20,14
Hombres;De 30 a 44 años;Educación primaria;2021;22,39
Hombres;De 30 a 44 años;Primera etapa de educación secundaria y similar;2023;11,09
Hombres;De 30 a 44 años;Primera etapa de educación secundaria y similar;2022;13,37
Hombres;De 30 a 44 años;Primera etapa de educación secundaria y similar;2021;15,07
Hombres;De 30 a 44 años;Segunda etapa de educación secundaria, con orientación general;2023;9,1
Hombres;De 30 a 44 años;Segunda etapa de educación secundaria, con orientación general;2022;8,89
Hombres;De 30 a 44 años;Segunda etapa de educación secundaria, con orientación general;2021;11,23
Hombres;De 30 a 44 años;Segunda etapa de educación secundaria con orientación profesional (incluye educación postsecundaria no superior);2023;8,67
Hombres;De 30 a 44 años;Segunda etapa de educación secundaria con orientación profesional (incluye educación postsecundaria no superior);2022;8,61
Hombres;De 30 a 44 años;Segunda etapa de educación secundaria con orientación profesional (incluye educación postsecundaria no superior);2021;9,55
Hombres;De 30 a 44 años;Educación superior;2023;5,24
Hombres;De 30 a 44 años;Educación superior;2022;5,61
Hombres;De 30 a 44 años;Educación superior;2021;7,05
Hombres;De 45 a 54 años;Total;2023;7,54
Hombres;De 45 a 54 años;Total;2022;8,58
Hombres;De 45 a 54 años;Total;2021;9,29
Hombres;De 45 a 54 años;Analfabetos;2023;19,61
Hombres;De 45 a 54 años;Analfabetos;2022;16,99
Hombres;De 45 a 54 años;Analfabetos;2021;15,86
Hombres;De 45 a 54 años;Estudios primarios incompletos;2023;11,92
Hombres;De 45 a 54 años;Estudios primarios incompletos;2022;22,56
Hombres;De 45 a 54 años;Estudios primarios incompletos;2021;22,96
Hombres;De 45 a 54 años;Educación primaria;2023;20,79
Hombres;De 45 a 54 años;Educación primaria;2022;23,83
Hombres;De 45 a 54 años;Educación primaria;2021;19,78
Hombres;De 45 a 54 años;Primera etapa de educación secundaria y similar;2023;10,28
Hombres;De 45 a 54 años;Primera etapa de educación secundaria y similar;2022;11,33
Hombres;De 45 a 54 años;Primera etapa de educación secundaria y similar;2021;12,42
Hombres;De 45 a 54 años;Segunda etapa de educación secundaria, con orientación general;2023;7,01
Hombres;De 45 a 54 años;Segunda etapa de educación secundaria, con orientación general;2022;9,29
Hombres;De 45 a 54 años;Segunda etapa de educación secundaria, con orientación general;2021;9,44
Hombres;De 45 a 54 años;Segunda etapa de educación secundaria con orientación profesional (incluye educación postsecundaria no superior);2023;7,9
Hombres;De 45 a 54 años;Segunda etapa de educación secundaria con orientación profesional (incluye educación postsecundaria no superior);2022;8,26
Hombres;De 45 a 54 años;Segunda etapa de educación secundaria con orientación profesional (incluye educación postsecundaria no superior);2021;8,82
Hombres;De 45 a 54 años;Educación superior;2023;3,75
Hombres;De 45 a 54 años;Educación superior;2022;4,19
Hombres;De 45 a 54 años;Educación superior;2021;5,08
Hombres;55 y más años;Total;2023;9,46
Hombres;55 y más años;Total;2022;9,97
Hombres;55 y más años;Total;2021;11,3
Hombres;55 y más años;Analfabetos;2023;44,29
Hombres;55 y más años;Analfabetos;2022;38,08
Hombres;55 y más años;Analfabetos;2021;30,08
Hombres;55 y más años;Estudios primarios incompletos;2023;23,31
Hombres;55 y más años;Estudios primarios incompletos;2022;22,52
Hombres;55 y más años;Estudios primarios incompletos;2021;32,46
Hombres;55 y más años;Educación primaria;2023;18,76
Hombres;55 y más años;Educación primaria;2022;20,3
Hombres;55 y más años;Educación primaria;2021;21,73
Hombres;55 y más años;Primera etapa de educación secundaria y similar;2023;11,47
Hombres;55 y más años;Primera etapa de educación secundaria y similar;2022;12,01
Hombres;55 y más años;Primera etapa de educación secundaria y similar;2021;13,19
Hombres;55 y más años;Segunda etapa de educación secundaria, con orientación general;2023;9,25
Hombres;55 y más años;Segunda etapa de educación secundaria, con orientación general;2022;9,21
Hombres;55 y más años;Segunda etapa de educación secundaria, con orientación general;2021;11,07
Hombres;55 y más años;Segunda etapa de educación secundaria con orientación profesional (incluye educación postsecundaria no superior);2023;8,55
Hombres;55 y más años;Segunda etapa de educación secundaria con orientación profesional (incluye educación postsecundaria no superior);2022;9,97
Hombres;55 y más años;Segunda etapa de educación secundaria con orientación profesional (incluye educación postsecundaria no superior);2021;13,41
Hombres;55 y más años;Educación superior;2023;5,12
Hombres;55 y más años;Educación superior;2022;5,15
Hombres;55 y más años;Educación superior;2021;5,53
Mujeres;Total;Total;2023;13,8
Mujeres;Total;Total;2022;14,76
Mujeres;Total;Total;2021;16,71
Mujeres;Total;Analfabetos;2023;45,13
Mujeres;Total;Analfabetos;2022;46,73
Mujeres;Total;Analfabetos;2021;53,99
Mujeres;Total;Estudios primarios incompletos;2023;28,15
Mujeres;Total;Estudios primarios incompletos;2022;30,47
Mujeres;Total;Estudios primarios incompletos;2021;34,12
Mujeres;Total;Educación primaria;2023;28,22
Mujeres;Total;Educación primaria;2022;30,55
Mujeres;Total;Educación primaria;2021;30,64
Mujeres;Total;Primera etapa de educación secundaria y similar;2023;20,81
Mujeres;Total;Primera etapa de educación secundaria y similar;2022;22,53
Mujeres;Total;Primera etapa de educación secundaria y similar;2021;25,33
Mujeres;Total;Segunda etapa de educación secundaria, con orientación general;2023;15,63
Mujeres;Total;Segunda etapa de educación secundaria, con orientación general;2022;17,17
Mujeres;Total;Segunda etapa de educación secundaria, con orientación general;2021;19,19
Mujeres;Total;Segunda etapa de educación secundaria con orientación profesional (incluye educación postsecundaria no superior);2023;15,44
Mujeres;Total;Segunda etapa de educación secundaria con orientación profesional (incluye educación postsecundaria no superior);2022;16,61
Mujeres;Total;Segunda etapa de educación secundaria con orientación profesional (incluye educación postsecundaria no superior);2021;18,3
Mujeres;Total;Educación superior;2023;8,48
Mujeres;Total;Educación superior;2022;8,77
Mujeres;Total;Educación superior;2021;10,33
Mujeres;De 16 a 19 años;Total;2023;42,92
Mujeres;De 16 a 19 años;Total;2022;45,92
Mujeres;De 16 a 19 años;Total;2021;51,93
Mujeres;De 16 a 19 años;Analfabetos;2023;..
Mujeres;De 16 a 19 años;Analfabetos;2022;0
Mujeres;De 16 a 19 años;Analfabetos;2021;0
Mujeres;De 16 a 19 años;Estudios primarios incompletos;2023;..
Mujeres;De 16 a 19 años;Estudios primarios incompletos;2022;21,18
Mujeres;De 16 a 19 años;Estudios primarios incompletos;2021;100
Mujeres;De 16 a 19 años;Educación primaria;2023;74,13
Mujeres;De 16 a 19 años;Educación primaria;2022;85,87
Mujeres;De 16 a 19 años;Educación primaria;2021;82,82
Mujeres;De 16 a 19 años;Primera etapa de educación secundaria y similar;2023;43,49
Mujeres;De 16 a 19 años;Primera etapa de educación secundaria y similar;2022;56,24
Mujeres;De 16 a 19 años;Primera etapa de educación secundaria y similar;2021;60,84
Mujeres;De 16 a 19 años;Segunda etapa de educación secundaria, con orientación general;2023;39,12
Mujeres;De 16 a 19 años;Segunda etapa de educación secundaria, con orientación general;2022;32,68
Mujeres;De 16 a 19 años;Segunda etapa de educación secundaria, con orientación general;2021;42,88
Mujeres;De 16 a 19 años;Segunda etapa de educación secundaria con orientación profesional (incluye educación postsecundaria no superior);2023;40,7
Mujeres;De 16 a 19 años;Segunda etapa de educación secundaria con orientación profesional (incluye educación postsecundaria no superior);2022;36,51
Mujeres;De 16 a 19 años;Segunda etapa de educación secundaria con orientación profesional (incluye educación postsecundaria no superior);2021;42,17
Mujeres;De 16 a 19 años;Educación superior;2023;7,49
Mujeres;De 16 a 19 años;Educación superior;2022;26,88
Mujeres;De 16 a 19 años;Educación superior;2021;30,38
Mujeres;De 20 a 24 años;Total;2023;25,51
Mujeres;De 20 a 24 años;Total;2022;27,58
Mujeres;De 20 a 24 años;Total;2021;32,42
Mujeres;De 20 a 24 años;Analfabetos;2023;..
Mujeres;De 20 a 24 años;Analfabetos;2022;0
Mujeres;De 20 a 24 años;Analfabetos;2021;100
Mujeres;De 20 a 24 años;Estudios primarios incompletos;2023;6,94
Mujeres;De 20 a 24 años;Estudios primarios incompletos;2022;22,53
Mujeres;De 20 a 24 años;Estudios primarios incompletos;2021;30,53
Mujeres;De 20 a 24 años;Educación primaria;2023;48,23
Mujeres;De 20 a 24 años;Educación primaria;2022;47,26
Mujeres;De 20 a 24 años;Educación primaria;2021;59,1
Mujeres;De 20 a 24 años;Primera etapa de educación secundaria y similar;2023;36,68
Mujeres;De 20 a 24 años;Primera etapa de educación secundaria y similar;2022;41,85
Mujeres;De 20 a 24 años;Primera etapa de educación secundaria y similar;2021;49,38
Mujeres;De 20 a 24 años;Segunda etapa de educación secundaria, con orientación general;2023;23,52
Mujeres;De 20 a 24 años;Segunda etapa de educación secundaria, con orientación general;2022;25,25
Mujeres;De 20 a 24 años;Segunda etapa de educación secundaria, con orientación general;2021;30,19
Mujeres;De 20 a 24 años;Segunda etapa de educación secundaria con orientación profesional (incluye educación postsecundaria no superior);2023;29,18
Mujeres;De 20 a 24 años;Segunda etapa de educación secundaria con orientación profesional (incluye educación postsecundaria no superior);2022;30,02
Mujeres;De 20 a 24 años;Segunda etapa de educación secundaria con orientación profesional (incluye educación postsecundaria no superior);2021;37,97
Mujeres;De 20 a 24 años;Educación superior;2023;19,5
Mujeres;De 20 a 24 años;Educación superior;2022;20,73
Mujeres;De 20 a 24 años;Educación superior;2021;23,24
Mujeres;De 25 a 29 años;Total;2023;16,22
Mujeres;De 25 a 29 años;Total;2022;17,4
Mujeres;De 25 a 29 años;Total;2021;21,48
Mujeres;De 25 a 29 años;Analfabetos;2023;55,09
Mujeres;De 25 a 29 años;Analfabetos;2022;0
Mujeres;De 25 a 29 años;Analfabetos;2021;0
Mujeres;De 25 a 29 años;Estudios primarios incompletos;2023;13,49
Mujeres;De 25 a 29 años;Estudios primarios incompletos;2022;15,21
Mujeres;De 25 a 29 años;Estudios primarios incompletos;2021;31,43
Mujeres;De 25 a 29 años;Educación primaria;2023;40,51
Mujeres;De 25 a 29 años;Educación primaria;2022;37,49
Mujeres;De 25 a 29 años;Educación primaria;2021;48,75
Mujeres;De 25 a 29 años;Primera etapa de educación secundaria y similar;2023;29,49
Mujeres;De 25 a 29 años;Primera etapa de educación secundaria y similar;2022;31,51
Mujeres;De 25 a 29 años;Primera etapa de educación secundaria y similar;2021;35,86
Mujeres;De 25 a 29 años;Segunda etapa de educación secundaria, con orientación general;2023;22,25
Mujeres;De 25 a 29 años;Segunda etapa de educación secundaria, con orientación general;2022;15,94
Mujeres;De 25 a 29 años;Segunda etapa de educación secundaria, con orientación general;2021;27,1
Mujeres;De 25 a 29 años;Segunda etapa de educación secundaria con orientación profesional (incluye educación postsecundaria no superior);2023;16,29
Mujeres;De 25 a 29 años;Segunda etapa de educación secundaria con orientación profesional (incluye educación postsecundaria no superior);2022;20,94
Mujeres;De 25 a 29 años;Segunda etapa de educación secundaria con orientación profesional (incluye educación postsecundaria no superior);2021;20,54
Mujeres;De 25 a 29 años;Educación superior;2023;11,48
Mujeres;De 25 a 29 años;Educación superior;2022;13,19
Mujeres;De 25 a 29 años;Educación superior;2021;15,76
Mujeres;De 30 a 44 años;Total;2023;12,37
Mujeres;De 30 a 44 años;Total;2022;13,13
Mujeres;De 30 a 44 años;Total;2021;14,71
Mujeres;De 30 a 44 años;Analfabetos;2023;41,25
Mujeres;De 30 a 44 años;Analfabetos;2022;38,3
Mujeres;De 30 a 44 años;Analfabetos;2021;48,8
Mujeres;De 30 a 44 años;Estudios primarios incompletos;2023;26,29
Mujeres;De 30 a 44 años;Estudios primarios incompletos;2022;32,38
Mujeres;De 30 a 44 años;Estudios primarios incompletos;2021;36,39
Mujeres;De 30 a 44 años;Educación primaria;2023;29,04
Mujeres;De 30 a 44 años;Educación primaria;2022;33,16
Mujeres;De 30 a 44 años;Educación primaria;2021;28,32
Mujeres;De 30 a 44 años;Primera etapa de educación secundaria y similar;2023;20,71
Mujeres;De 30 a 44 años;Primera etapa de educación secundaria y similar;2022;21,25
Mujeres;De 30 a 44 años;Primera etapa de educación secundaria y similar;2021;24,51
Mujeres;De 30 a 44 años;Segunda etapa de educación secundaria, con orientación general;2023;13,97
Mujeres;De 30 a 44 años;Segunda etapa de educación secundaria, con orientación general;2022;18,14
Mujeres;De 30 a 44 años;Segunda etapa de educación secundaria, con orientación general;2021;17
Mujeres;De 30 a 44 años;Segunda etapa de educación secundaria con orientación profesional (incluye educación postsecundaria no superior);2023;13,63
Mujeres;De 30 a 44 años;Segunda etapa de educación secundaria con orientación profesional (incluye educación postsecundaria no superior);2022;14,76
Mujeres;De 30 a 44 años;Segunda etapa de educación secundaria con orientación profesional (incluye educación postsecundaria no superior);2021;16,7
Mujeres;De 30 a 44 años;Educación superior;2023;7,85
Mujeres;De 30 a 44 años;Educación superior;2022;7,7
Mujeres;De 30 a 44 años;Educación superior;2021;9,42
Mujeres;De 45 a 54 años;Total;2023;11,92
Mujeres;De 45 a 54 años;Total;2022;13,39
Mujeres;De 45 a 54 años;Total;2021;14,74
Mujeres;De 45 a 54 años;Analfabetos;2023;42,48
Mujeres;De 45 a 54 años;Analfabetos;2022;59,37
Mujeres;De 45 a 54 años;Analfabetos;2021;67,18
Mujeres;De 45 a 54 años;Estudios primarios incompletos;2023;32,03
Mujeres;De 45 a 54 años;Estudios primarios incompletos;2022;33,18
Mujeres;De 45 a 54 años;Estudios primarios incompletos;2021;38,88
Mujeres;De 45 a 54 años;Educación primaria;2023;25,44
Mujeres;De 45 a 54 años;Educación primaria;2022;33,4
Mujeres;De 45 a 54 años;Educación primaria;2021;31,36
Mujeres;De 45 a 54 años;Primera etapa de educación secundaria y similar;2023;18,36
Mujeres;De 45 a 54 años;Primera etapa de educación secundaria y similar;2022;21,06
Mujeres;De 45 a 54 años;Primera etapa de educación secundaria y similar;2021;22,35
Mujeres;De 45 a 54 años;Segunda etapa de educación secundaria, con orientación general;2023;12,2
Mujeres;De 45 a 54 años;Segunda etapa de educación secundaria, con orientación general;2022;14,36
Mujeres;De 45 a 54 años;Segunda etapa de educación secundaria, con orientación general;2021;15,49
Mujeres;De 45 a 54 años;Segunda etapa de educación secundaria con orientación profesional (incluye educación postsecundaria no superior);2023;13,81
Mujeres;De 45 a 54 años;Segunda etapa de educación secundaria con orientación profesional (incluye educación postsecundaria no superior);2022;14,93
Mujeres;De 45 a 54 años;Segunda etapa de educación secundaria con orientación profesional (incluye educación postsecundaria no superior);2021;16,33
Mujeres;De 45 a 54 años;Educación superior;2023;7,03
Mujeres;De 45 a 54 años;Educación superior;2022;7,36
Mujeres;De 45 a 54 años;Educación superior;2021;8,59
Mujeres;55 y más años;Total;2023;12,94
Mujeres;55 y más años;Total;2022;13,05
Mujeres;55 y más años;Total;2021;14,81
Mujeres;55 y más años;Analfabetos;2023;56,32
Mujeres;55 y más años;Analfabetos;2022;42,49
Mujeres;55 y más años;Analfabetos;2021;41,51
Mujeres;55 y más años;Estudios primarios incompletos;2023;27,9
Mujeres;55 y más años;Estudios primarios incompletos;2022;28,16
Mujeres;55 y más años;Estudios primarios incompletos;2021;29,51
Mujeres;55 y más años;Educación primaria;2023;22,33
Mujeres;55 y más años;Educación primaria;2022;20,4
Mujeres;55 y más años;Educación primaria;2021;24,33
Mujeres;55 y más años;Primera etapa de educación secundaria y similar;2023;17,38
Mujeres;55 y más años;Primera etapa de educación secundaria y similar;2022;17,57
Mujeres;55 y más años;Primera etapa de educación secundaria y similar;2021;20,24
Mujeres;55 y más años;Segunda etapa de educación secundaria, con orientación general;2023;12,27
Mujeres;55 y más años;Segunda etapa de educación secundaria, con orientación general;2022;13,87
Mujeres;55 y más años;Segunda etapa de educación secundaria, con orientación general;2021;15,61
Mujeres;55 y más años;Segunda etapa de educación secundaria con orientación profesional (incluye educación postsecundaria no superior);2023;13,87
Mujeres;55 y más años;Segunda etapa de educación secundaria con orientación profesional (incluye educación postsecundaria no superior);2022;13,74
Mujeres;55 y más años;Segunda etapa de educación secundaria con orientación profesional (incluye educación postsecundaria no superior);2021;14,38
Mujeres;55 y más años;Educación superior;2023;7,15
Mujeres;55 y más años;Educación superior;2022;7,17
Mujeres;55 y más años;Educación superior;2021;8,07
